<?xml version="1.0" encoding="UTF-8"?><record_update sys_domain="global" table="sys_ui_module">
    <sys_ui_module action="INSERT_OR_UPDATE">
        <active>true</active>
        <application display_value="Sales">7744f35431203300964ff3d937938504</application>
        <filter/>
        <name>Sales</name>
        <order/>
        <path/>
        <path_relative_to_root>false</path_relative_to_root>
        <roles>x_sales.sales_user</roles>
        <sys_class_name>sys_ui_module</sys_class_name>
        <sys_created_by>admin</sys_created_by>
        <sys_created_on>2019-03-28 23:44:35</sys_created_on>
        <sys_domain>global</sys_domain>
        <sys_domain_path>/</sys_domain_path>
        <sys_id>7b44f35431203300964ff3d937938506</sys_id>
        <sys_mod_count>0</sys_mod_count>
        <sys_name>Sales</sys_name>
        <sys_package display_value="Sales" source="x_sales">e7ffa7d031203300964ff3d9379385a4</sys_package>
        <sys_policy/>
        <sys_scope display_value="Sales">e7ffa7d031203300964ff3d9379385a4</sys_scope>
        <sys_update_name>sys_ui_module_7b44f35431203300964ff3d937938506</sys_update_name>
        <sys_updated_by>admin</sys_updated_by>
        <sys_updated_on>2019-03-28 23:44:35</sys_updated_on>
        <table>x_sales_sales</table>
        <uncancelable>false</uncancelable>
        <view_name/>
    </sys_ui_module>
</record_update>
