<?xml version="1.0" encoding="UTF-8"?><record_update table="sys_security_acl_role">
    <sys_security_acl_role action="INSERT_OR_UPDATE">
        <sys_class_name>sys_security_acl_role</sys_class_name>
        <sys_created_by>admin</sys_created_by>
        <sys_created_on>2019-03-28 23:44:35</sys_created_on>
        <sys_id>7b44f35431203300964ff3d93793851e</sys_id>
        <sys_mod_count>0</sys_mod_count>
        <sys_name>x_sales_sales.x_sales.sales_user</sys_name>
        <sys_package display_value="Sales" source="x_sales">e7ffa7d031203300964ff3d9379385a4</sys_package>
        <sys_policy/>
        <sys_scope display_value="Sales">e7ffa7d031203300964ff3d9379385a4</sys_scope>
        <sys_security_acl display_value="x_sales_sales">bf44f35431203300964ff3d93793851b</sys_security_acl>
        <sys_update_name>sys_security_acl_role_7b44f35431203300964ff3d93793851e</sys_update_name>
        <sys_updated_by>admin</sys_updated_by>
        <sys_updated_on>2019-03-28 23:44:35</sys_updated_on>
        <sys_user_role display_value="x_sales.sales_user" name="x_sales.sales_user">cf44335431203300964ff3d9379385c5</sys_user_role>
        <transaction_id/>
    </sys_security_acl_role>
</record_update>
