<?xml version="1.0" encoding="UTF-8"?><record_update>
    <sys_documentation element="units_sold" label="Units Sold" language="en" table="x_sales_sales">
        <sys_documentation action="INSERT_OR_UPDATE">
            <element>units_sold</element>
            <help/>
            <hint/>
            <label>Units Sold</label>
            <language>en</language>
            <name>x_sales_sales</name>
            <plural>Units Solds</plural>
            <sys_class_name>sys_documentation</sys_class_name>
            <sys_created_by>admin</sys_created_by>
            <sys_created_on>2019-03-28 23:44:36</sys_created_on>
            <sys_id>0c54f35431203300964ff3d93793853e</sys_id>
            <sys_mod_count>0</sys_mod_count>
            <sys_name>Units Sold</sys_name>
            <sys_package display_value="Sales" source="x_sales">e7ffa7d031203300964ff3d9379385a4</sys_package>
            <sys_policy/>
            <sys_scope display_value="Sales">e7ffa7d031203300964ff3d9379385a4</sys_scope>
            <sys_update_name>sys_documentation_x_sales_sales_units_sold_en</sys_update_name>
            <sys_updated_by>admin</sys_updated_by>
            <sys_updated_on>2019-03-28 23:44:36</sys_updated_on>
            <url/>
            <url_target/>
        </sys_documentation>
    </sys_documentation>
</record_update>
