<?xml version="1.0" encoding="UTF-8"?><record_update table="sys_embedded_help_role">
    <sys_embedded_help_role action="INSERT_OR_UPDATE">
        <order>1000</order>
        <role display_value="x_sales.sales_user" name="x_sales.sales_user">cf44335431203300964ff3d9379385c5</role>
        <sys_class_name>sys_embedded_help_role</sys_class_name>
        <sys_created_by>admin</sys_created_by>
        <sys_created_on>2019-03-28 23:44:33</sys_created_on>
        <sys_id>9744335431203300964ff3d9379385c8</sys_id>
        <sys_mod_count>0</sys_mod_count>
        <sys_name>cf44335431203300964ff3d9379385c5</sys_name>
        <sys_package display_value="Sales" source="x_sales">e7ffa7d031203300964ff3d9379385a4</sys_package>
        <sys_policy/>
        <sys_scope display_value="Sales">e7ffa7d031203300964ff3d9379385a4</sys_scope>
        <sys_update_name>sys_embedded_help_role_9744335431203300964ff3d9379385c8</sys_update_name>
        <sys_updated_by>admin</sys_updated_by>
        <sys_updated_on>2019-03-28 23:44:33</sys_updated_on>
    </sys_embedded_help_role>
</record_update>
