<?xml version="1.0" encoding="UTF-8"?><record_update sys_domain="global" table="sys_app_application">
    <sys_app_application action="INSERT_OR_UPDATE">
        <active>true</active>
        <category display_value="Custom Applications">e0355b31ef303000a61d5a3615c0fb78</category>
        <description/>
        <device_type>browser</device_type>
        <hint/>
        <name>Sales</name>
        <order>100</order>
        <roles>x_sales.sales_user</roles>
        <sys_class_name>sys_app_application</sys_class_name>
        <sys_created_by>admin</sys_created_by>
        <sys_created_on>2019-03-28 23:44:35</sys_created_on>
        <sys_domain>global</sys_domain>
        <sys_domain_path>/</sys_domain_path>
        <sys_id>7344b35431203300964ff3d9379385ff</sys_id>
        <sys_mod_count>0</sys_mod_count>
        <sys_name>Sales</sys_name>
        <sys_overrides/>
        <sys_package display_value="Sales" source="x_sales">e7ffa7d031203300964ff3d9379385a4</sys_package>
        <sys_policy/>
        <sys_scope display_value="Sales">e7ffa7d031203300964ff3d9379385a4</sys_scope>
        <sys_update_name>sys_app_application_7344b35431203300964ff3d9379385ff</sys_update_name>
        <sys_updated_by>admin</sys_updated_by>
        <sys_updated_on>2019-03-28 23:44:35</sys_updated_on>
        <title>Sales</title>
        <view_name/>
    </sys_app_application>
</record_update>
