<?xml version="1.0" encoding="UTF-8"?><record_update table="sys_user_role">
    <sys_user_role action="INSERT_OR_UPDATE">
        <assignable_by/>
        <can_delegate>true</can_delegate>
        <description/>
        <elevated_privilege>false</elevated_privilege>
        <grantable>true</grantable>
        <includes_roles/>
        <name>x_sales.sales_user</name>
        <requires_subscription>-1</requires_subscription>
        <scoped_admin>false</scoped_admin>
        <suffix>sales_user</suffix>
        <sys_class_name>sys_user_role</sys_class_name>
        <sys_created_by>admin</sys_created_by>
        <sys_created_on>2019-03-28 23:44:33</sys_created_on>
        <sys_id>cf44335431203300964ff3d9379385c5</sys_id>
        <sys_mod_count>0</sys_mod_count>
        <sys_name>x_sales.sales_user</sys_name>
        <sys_package display_value="Sales" source="x_sales">e7ffa7d031203300964ff3d9379385a4</sys_package>
        <sys_policy/>
        <sys_scope display_value="Sales">e7ffa7d031203300964ff3d9379385a4</sys_scope>
        <sys_update_name>sys_user_role_cf44335431203300964ff3d9379385c5</sys_update_name>
        <sys_updated_by>admin</sys_updated_by>
        <sys_updated_on>2019-03-28 23:44:33</sys_updated_on>
    </sys_user_role>
</record_update>
